Modelo,Provedor,Categoria,Estrategia,Linguagem,Pacote,Status,Contexto,Codigo_Gerado
Cohere-North-mini-code-free,OPENROUTER,Python - Backend CRUD,0_VibeCoder_NoSystem,PYTHON,fastapi,PENDENTE_VALIDACAO,Python - Backend CRUD | 0_VibeCoder_NoSystem,"```python
# -------------------------------------------------------------------
# FastAPI CRUD RESTful para Produtos
# Utiliza FastAPI + SQLAlchemy (SQLite como banco de dados de exemplo)
# -------------------------------------------------------------------

from datetime import datetime
from typing import List, Optional

from fastapi import Depends, FastAPI, HTTPException, status
from fastapi.middleware.cors import CORSMiddleware
from pydantic import BaseModel
from sqlalchemy import Column, Float, Integer, String, create_engine
from sqlalchemy.ext.declarative import declarative_base
from sqlalchemy.orm import Session, sessionmaker

# -------------------------------------------------------------------
# Configuração do Banco de Dados
# -------------------------------------------------------------------
# Use uma string de conexão com SQLite para desenvolvimento.
# Para produção, substitua por um URL de banco de dados compatível com SQLAlchemy
# (por exemplo, postgresql://user:password@localhost/dbname)
SQLALCHEMY_DATABASE_URL = ""sqlite:///./test.db""

engine = create_engine(SQLALCHEMY_DATABASE_URL, connect_args={""check_same_thread"": False})
SessionLocal = sessionmaker(autocommit=False, autoflush=False, bind=engine)

Base = declarative_base()

# -------------------------------------------------------------------
# Modelo SQLAlchemy
# -------------------------------------------------------------------
class ProductDB(Base):
    __tablename__ = ""products""

    id = Column(Integer, primary_key=True, index=True)
    name = Column(String, index=True, nullable=False)
    description = Column(String, nullable=True)
    price = Column(Float, nullable=False)
    created_at = Column(
        datetime, default=datetime.utcnow, nullable=False
    )


# Cria as tabelas ao iniciar o aplicativo (apenas para desenvolvimento)
Base.metadata.create_all(bind=engine)

# -------------------------------------------------------------------
# Schemas Pydantic (request/response)
# -------------------------------------------------------------------
class ProductCreate(BaseModel):
    name: str
    description: Optional[str] = None
    price: float


class ProductUpdate(BaseModel):
    name: Optional[str] = None
    description: Optional"
Cohere-North-mini-code-free,OPENROUTER,Python - Backend CRUD,0_VibeCoder_NoSystem,PYTHON,fastapi.middleware.cors,PENDENTE_VALIDACAO,Python - Backend CRUD | 0_VibeCoder_NoSystem,"```python
# -------------------------------------------------------------------
# FastAPI CRUD RESTful para Produtos
# Utiliza FastAPI + SQLAlchemy (SQLite como banco de dados de exemplo)
# -------------------------------------------------------------------

from datetime import datetime
from typing import List, Optional

from fastapi import Depends, FastAPI, HTTPException, status
from fastapi.middleware.cors import CORSMiddleware
from pydantic import BaseModel
from sqlalchemy import Column, Float, Integer, String, create_engine
from sqlalchemy.ext.declarative import declarative_base
from sqlalchemy.orm import Session, sessionmaker

# -------------------------------------------------------------------
# Configuração do Banco de Dados
# -------------------------------------------------------------------
# Use uma string de conexão com SQLite para desenvolvimento.
# Para produção, substitua por um URL de banco de dados compatível com SQLAlchemy
# (por exemplo, postgresql://user:password@localhost/dbname)
SQLALCHEMY_DATABASE_URL = ""sqlite:///./test.db""

engine = create_engine(SQLALCHEMY_DATABASE_URL, connect_args={""check_same_thread"": False})
SessionLocal = sessionmaker(autocommit=False, autoflush=False, bind=engine)

Base = declarative_base()

# -------------------------------------------------------------------
# Modelo SQLAlchemy
# -------------------------------------------------------------------
class ProductDB(Base):
    __tablename__ = ""products""

    id = Column(Integer, primary_key=True, index=True)
    name = Column(String, index=True, nullable=False)
    description = Column(String, nullable=True)
    price = Column(Float, nullable=False)
    created_at = Column(
        datetime, default=datetime.utcnow, nullable=False
    )


# Cria as tabelas ao iniciar o aplicativo (apenas para desenvolvimento)
Base.metadata.create_all(bind=engine)

# -------------------------------------------------------------------
# Schemas Pydantic (request/response)
# -------------------------------------------------------------------
class ProductCreate(BaseModel):
    name: str
    description: Optional[str] = None
    price: float


class ProductUpdate(BaseModel):
    name: Optional[str] = None
    description: Optional"
Cohere-North-mini-code-free,OPENROUTER,Python - Backend CRUD,0_VibeCoder_NoSystem,PYTHON,pydantic,PENDENTE_VALIDACAO,Python - Backend CRUD | 0_VibeCoder_NoSystem,"```python
# -------------------------------------------------------------------
# FastAPI CRUD RESTful para Produtos
# Utiliza FastAPI + SQLAlchemy (SQLite como banco de dados de exemplo)
# -------------------------------------------------------------------

from datetime import datetime
from typing import List, Optional

from fastapi import Depends, FastAPI, HTTPException, status
from fastapi.middleware.cors import CORSMiddleware
from pydantic import BaseModel
from sqlalchemy import Column, Float, Integer, String, create_engine
from sqlalchemy.ext.declarative import declarative_base
from sqlalchemy.orm import Session, sessionmaker

# -------------------------------------------------------------------
# Configuração do Banco de Dados
# -------------------------------------------------------------------
# Use uma string de conexão com SQLite para desenvolvimento.
# Para produção, substitua por um URL de banco de dados compatível com SQLAlchemy
# (por exemplo, postgresql://user:password@localhost/dbname)
SQLALCHEMY_DATABASE_URL = ""sqlite:///./test.db""

engine = create_engine(SQLALCHEMY_DATABASE_URL, connect_args={""check_same_thread"": False})
SessionLocal = sessionmaker(autocommit=False, autoflush=False, bind=engine)

Base = declarative_base()

# -------------------------------------------------------------------
# Modelo SQLAlchemy
# -------------------------------------------------------------------
class ProductDB(Base):
    __tablename__ = ""products""

    id = Column(Integer, primary_key=True, index=True)
    name = Column(String, index=True, nullable=False)
    description = Column(String, nullable=True)
    price = Column(Float, nullable=False)
    created_at = Column(
        datetime, default=datetime.utcnow, nullable=False
    )


# Cria as tabelas ao iniciar o aplicativo (apenas para desenvolvimento)
Base.metadata.create_all(bind=engine)

# -------------------------------------------------------------------
# Schemas Pydantic (request/response)
# -------------------------------------------------------------------
class ProductCreate(BaseModel):
    name: str
    description: Optional[str] = None
    price: float


class ProductUpdate(BaseModel):
    name: Optional[str] = None
    description: Optional"
Cohere-North-mini-code-free,OPENROUTER,Python - Backend CRUD,0_VibeCoder_NoSystem,PYTHON,sqlalchemy,PENDENTE_VALIDACAO,Python - Backend CRUD | 0_VibeCoder_NoSystem,"```python
# -------------------------------------------------------------------
# FastAPI CRUD RESTful para Produtos
# Utiliza FastAPI + SQLAlchemy (SQLite como banco de dados de exemplo)
# -------------------------------------------------------------------

from datetime import datetime
from typing import List, Optional

from fastapi import Depends, FastAPI, HTTPException, status
from fastapi.middleware.cors import CORSMiddleware
from pydantic import BaseModel
from sqlalchemy import Column, Float, Integer, String, create_engine
from sqlalchemy.ext.declarative import declarative_base
from sqlalchemy.orm import Session, sessionmaker

# -------------------------------------------------------------------
# Configuração do Banco de Dados
# -------------------------------------------------------------------
# Use uma string de conexão com SQLite para desenvolvimento.
# Para produção, substitua por um URL de banco de dados compatível com SQLAlchemy
# (por exemplo, postgresql://user:password@localhost/dbname)
SQLALCHEMY_DATABASE_URL = ""sqlite:///./test.db""

engine = create_engine(SQLALCHEMY_DATABASE_URL, connect_args={""check_same_thread"": False})
SessionLocal = sessionmaker(autocommit=False, autoflush=False, bind=engine)

Base = declarative_base()

# -------------------------------------------------------------------
# Modelo SQLAlchemy
# -------------------------------------------------------------------
class ProductDB(Base):
    __tablename__ = ""products""

    id = Column(Integer, primary_key=True, index=True)
    name = Column(String, index=True, nullable=False)
    description = Column(String, nullable=True)
    price = Column(Float, nullable=False)
    created_at = Column(
        datetime, default=datetime.utcnow, nullable=False
    )


# Cria as tabelas ao iniciar o aplicativo (apenas para desenvolvimento)
Base.metadata.create_all(bind=engine)

# -------------------------------------------------------------------
# Schemas Pydantic (request/response)
# -------------------------------------------------------------------
class ProductCreate(BaseModel):
    name: str
    description: Optional[str] = None
    price: float


class ProductUpdate(BaseModel):
    name: Optional[str] = None
    description: Optional"
Cohere-North-mini-code-free,OPENROUTER,Python - Backend CRUD,0_VibeCoder_NoSystem,PYTHON,sqlalchemy.ext.declarative,PENDENTE_VALIDACAO,Python - Backend CRUD | 0_VibeCoder_NoSystem,"```python
# -------------------------------------------------------------------
# FastAPI CRUD RESTful para Produtos
# Utiliza FastAPI + SQLAlchemy (SQLite como banco de dados de exemplo)
# -------------------------------------------------------------------

from datetime import datetime
from typing import List, Optional

from fastapi import Depends, FastAPI, HTTPException, status
from fastapi.middleware.cors import CORSMiddleware
from pydantic import BaseModel
from sqlalchemy import Column, Float, Integer, String, create_engine
from sqlalchemy.ext.declarative import declarative_base
from sqlalchemy.orm import Session, sessionmaker

# -------------------------------------------------------------------
# Configuração do Banco de Dados
# -------------------------------------------------------------------
# Use uma string de conexão com SQLite para desenvolvimento.
# Para produção, substitua por um URL de banco de dados compatível com SQLAlchemy
# (por exemplo, postgresql://user:password@localhost/dbname)
SQLALCHEMY_DATABASE_URL = ""sqlite:///./test.db""

engine = create_engine(SQLALCHEMY_DATABASE_URL, connect_args={""check_same_thread"": False})
SessionLocal = sessionmaker(autocommit=False, autoflush=False, bind=engine)

Base = declarative_base()

# -------------------------------------------------------------------
# Modelo SQLAlchemy
# -------------------------------------------------------------------
class ProductDB(Base):
    __tablename__ = ""products""

    id = Column(Integer, primary_key=True, index=True)
    name = Column(String, index=True, nullable=False)
    description = Column(String, nullable=True)
    price = Column(Float, nullable=False)
    created_at = Column(
        datetime, default=datetime.utcnow, nullable=False
    )


# Cria as tabelas ao iniciar o aplicativo (apenas para desenvolvimento)
Base.metadata.create_all(bind=engine)

# -------------------------------------------------------------------
# Schemas Pydantic (request/response)
# -------------------------------------------------------------------
class ProductCreate(BaseModel):
    name: str
    description: Optional[str] = None
    price: float


class ProductUpdate(BaseModel):
    name: Optional[str] = None
    description: Optional"
Cohere-North-mini-code-free,OPENROUTER,Python - Backend CRUD,0_VibeCoder_NoSystem,PYTHON,sqlalchemy.orm,PENDENTE_VALIDACAO,Python - Backend CRUD | 0_VibeCoder_NoSystem,"```python
# -------------------------------------------------------------------
# FastAPI CRUD RESTful para Produtos
# Utiliza FastAPI + SQLAlchemy (SQLite como banco de dados de exemplo)
# -------------------------------------------------------------------

from datetime import datetime
from typing import List, Optional

from fastapi import Depends, FastAPI, HTTPException, status
from fastapi.middleware.cors import CORSMiddleware
from pydantic import BaseModel
from sqlalchemy import Column, Float, Integer, String, create_engine
from sqlalchemy.ext.declarative import declarative_base
from sqlalchemy.orm import Session, sessionmaker

# -------------------------------------------------------------------
# Configuração do Banco de Dados
# -------------------------------------------------------------------
# Use uma string de conexão com SQLite para desenvolvimento.
# Para produção, substitua por um URL de banco de dados compatível com SQLAlchemy
# (por exemplo, postgresql://user:password@localhost/dbname)
SQLALCHEMY_DATABASE_URL = ""sqlite:///./test.db""

engine = create_engine(SQLALCHEMY_DATABASE_URL, connect_args={""check_same_thread"": False})
SessionLocal = sessionmaker(autocommit=False, autoflush=False, bind=engine)

Base = declarative_base()

# -------------------------------------------------------------------
# Modelo SQLAlchemy
# -------------------------------------------------------------------
class ProductDB(Base):
    __tablename__ = ""products""

    id = Column(Integer, primary_key=True, index=True)
    name = Column(String, index=True, nullable=False)
    description = Column(String, nullable=True)
    price = Column(Float, nullable=False)
    created_at = Column(
        datetime, default=datetime.utcnow, nullable=False
    )


# Cria as tabelas ao iniciar o aplicativo (apenas para desenvolvimento)
Base.metadata.create_all(bind=engine)

# -------------------------------------------------------------------
# Schemas Pydantic (request/response)
# -------------------------------------------------------------------
class ProductCreate(BaseModel):
    name: str
    description: Optional[str] = None
    price: float


class ProductUpdate(BaseModel):
    name: Optional[str] = None
    description: Optional"
Cohere-North-mini-code-free,OPENROUTER,Python - Backend CRUD,1_Baseline_Dev,PYTHON,fastapi,PENDENTE_VALIDACAO,Python - Backend CRUD | 1_Baseline_Dev,"```python
# imports --------------------------------------------------------------
from typing import Optional, List

from fastapi import FastAPI, Depends, HTTPException, status, Path, Query
from fastapi.middleware.cors import CORSMiddleware
from sqlalchemy import Column, Integer, String, Float
from sqlalchemy.ext.declarative import declarative_base
from sqlalchemy.orm import sessionmaker, Session
from sqlalchemy import create_engine

from pydantic import BaseModel

# FastAPI app ---------------------------------------------------------
app = FastAPI(
    title=""Products CRUD API"",
    description=""A simple CRUD API for managing products using FastAPI and SQLAlchemy"",
    version=""1.0.0""
)

# Allow CORS for all origins (adjust in production)
app.add_middleware(
    CORSMiddleware,
    allow_origins=[""*""],
    allow_credentials=True,
    allow_methods=[""*""],
    allow_headers=[""*""],
)

# Database setup -------------------------------------------------------
# Use SQLite for simplicity; replace with PostgreSQL/MySQL in production
SQLALCHEMY_DATABASE_URL = ""sqlite:///./test.db""

engine = create_engine(SQLALCHEMY_DATABASE_URL, connect_args={""check_same_thread"": False})
SessionLocal = sessionmaker(autocommit=False, autoflush=False, bind=engine)
Base = declarative_base()

# Pydantic models ------------------------------------------------------
class ProductCreate(BaseModel):
    name: str
    description: Optional[str] = None
    price: float

    class Config:
        schema_extra = {
            ""example"": {
                ""name"": ""Example Product"",
                ""description"": ""An example product description"",
                ""price"": 9.99
            }
        }

class ProductUpdate(BaseModel):
    name: Optional[str] = None
    description: Optional[str] = None
    price: Optional[float] = None

    class Config:
        schema_extra = {
            ""example"": {
                ""name"": ""Updated Product Name"",
                ""description"": ""Updated description"",
                ""price"": 12.99
            }
        }

class ProductOut(ProductCreate):
    id: int

    class Config:
        orm_mode = True

# SQLAlchemy model ------------------------------------------------------
class Product(Base):
    __tablename__ = ""products""

    id = Column(Integer, primary_key=True, index=True)
    name = Column(String, index=True, nullable=False)
    description = Column(String, index=True, nullable=True)
    price = Column(Float, nullable=False)

# Create tables ---------------------------------------------------------
Base.metadata.create_all(bind=engine)

# Dependency ------------------------------------------------------------
def get_db():
    db"
Cohere-North-mini-code-free,OPENROUTER,Python - Backend CRUD,1_Baseline_Dev,PYTHON,fastapi.middleware.cors,PENDENTE_VALIDACAO,Python - Backend CRUD | 1_Baseline_Dev,"```python
# imports --------------------------------------------------------------
from typing import Optional, List

from fastapi import FastAPI, Depends, HTTPException, status, Path, Query
from fastapi.middleware.cors import CORSMiddleware
from sqlalchemy import Column, Integer, String, Float
from sqlalchemy.ext.declarative import declarative_base
from sqlalchemy.orm import sessionmaker, Session
from sqlalchemy import create_engine

from pydantic import BaseModel

# FastAPI app ---------------------------------------------------------
app = FastAPI(
    title=""Products CRUD API"",
    description=""A simple CRUD API for managing products using FastAPI and SQLAlchemy"",
    version=""1.0.0""
)

# Allow CORS for all origins (adjust in production)
app.add_middleware(
    CORSMiddleware,
    allow_origins=[""*""],
    allow_credentials=True,
    allow_methods=[""*""],
    allow_headers=[""*""],
)

# Database setup -------------------------------------------------------
# Use SQLite for simplicity; replace with PostgreSQL/MySQL in production
SQLALCHEMY_DATABASE_URL = ""sqlite:///./test.db""

engine = create_engine(SQLALCHEMY_DATABASE_URL, connect_args={""check_same_thread"": False})
SessionLocal = sessionmaker(autocommit=False, autoflush=False, bind=engine)
Base = declarative_base()

# Pydantic models ------------------------------------------------------
class ProductCreate(BaseModel):
    name: str
    description: Optional[str] = None
    price: float

    class Config:
        schema_extra = {
            ""example"": {
                ""name"": ""Example Product"",
                ""description"": ""An example product description"",
                ""price"": 9.99
            }
        }

class ProductUpdate(BaseModel):
    name: Optional[str] = None
    description: Optional[str] = None
    price: Optional[float] = None

    class Config:
        schema_extra = {
            ""example"": {
                ""name"": ""Updated Product Name"",
                ""description"": ""Updated description"",
                ""price"": 12.99
            }
        }

class ProductOut(ProductCreate):
    id: int

    class Config:
        orm_mode = True

# SQLAlchemy model ------------------------------------------------------
class Product(Base):
    __tablename__ = ""products""

    id = Column(Integer, primary_key=True, index=True)
    name = Column(String, index=True, nullable=False)
    description = Column(String, index=True, nullable=True)
    price = Column(Float, nullable=False)

# Create tables ---------------------------------------------------------
Base.metadata.create_all(bind=engine)

# Dependency ------------------------------------------------------------
def get_db():
    db"
Cohere-North-mini-code-free,OPENROUTER,Python - Backend CRUD,1_Baseline_Dev,PYTHON,pydantic,PENDENTE_VALIDACAO,Python - Backend CRUD | 1_Baseline_Dev,"```python
# imports --------------------------------------------------------------
from typing import Optional, List

from fastapi import FastAPI, Depends, HTTPException, status, Path, Query
from fastapi.middleware.cors import CORSMiddleware
from sqlalchemy import Column, Integer, String, Float
from sqlalchemy.ext.declarative import declarative_base
from sqlalchemy.orm import sessionmaker, Session
from sqlalchemy import create_engine

from pydantic import BaseModel

# FastAPI app ---------------------------------------------------------
app = FastAPI(
    title=""Products CRUD API"",
    description=""A simple CRUD API for managing products using FastAPI and SQLAlchemy"",
    version=""1.0.0""
)

# Allow CORS for all origins (adjust in production)
app.add_middleware(
    CORSMiddleware,
    allow_origins=[""*""],
    allow_credentials=True,
    allow_methods=[""*""],
    allow_headers=[""*""],
)

# Database setup -------------------------------------------------------
# Use SQLite for simplicity; replace with PostgreSQL/MySQL in production
SQLALCHEMY_DATABASE_URL = ""sqlite:///./test.db""

engine = create_engine(SQLALCHEMY_DATABASE_URL, connect_args={""check_same_thread"": False})
SessionLocal = sessionmaker(autocommit=False, autoflush=False, bind=engine)
Base = declarative_base()

# Pydantic models ------------------------------------------------------
class ProductCreate(BaseModel):
    name: str
    description: Optional[str] = None
    price: float

    class Config:
        schema_extra = {
            ""example"": {
                ""name"": ""Example Product"",
                ""description"": ""An example product description"",
                ""price"": 9.99
            }
        }

class ProductUpdate(BaseModel):
    name: Optional[str] = None
    description: Optional[str] = None
    price: Optional[float] = None

    class Config:
        schema_extra = {
            ""example"": {
                ""name"": ""Updated Product Name"",
                ""description"": ""Updated description"",
                ""price"": 12.99
            }
        }

class ProductOut(ProductCreate):
    id: int

    class Config:
        orm_mode = True

# SQLAlchemy model ------------------------------------------------------
class Product(Base):
    __tablename__ = ""products""

    id = Column(Integer, primary_key=True, index=True)
    name = Column(String, index=True, nullable=False)
    description = Column(String, index=True, nullable=True)
    price = Column(Float, nullable=False)

# Create tables ---------------------------------------------------------
Base.metadata.create_all(bind=engine)

# Dependency ------------------------------------------------------------
def get_db():
    db"
Cohere-North-mini-code-free,OPENROUTER,Python - Backend CRUD,1_Baseline_Dev,PYTHON,sqlalchemy,PENDENTE_VALIDACAO,Python - Backend CRUD | 1_Baseline_Dev,"```python
# imports --------------------------------------------------------------
from typing import Optional, List

from fastapi import FastAPI, Depends, HTTPException, status, Path, Query
from fastapi.middleware.cors import CORSMiddleware
from sqlalchemy import Column, Integer, String, Float
from sqlalchemy.ext.declarative import declarative_base
from sqlalchemy.orm import sessionmaker, Session
from sqlalchemy import create_engine

from pydantic import BaseModel

# FastAPI app ---------------------------------------------------------
app = FastAPI(
    title=""Products CRUD API"",
    description=""A simple CRUD API for managing products using FastAPI and SQLAlchemy"",
    version=""1.0.0""
)

# Allow CORS for all origins (adjust in production)
app.add_middleware(
    CORSMiddleware,
    allow_origins=[""*""],
    allow_credentials=True,
    allow_methods=[""*""],
    allow_headers=[""*""],
)

# Database setup -------------------------------------------------------
# Use SQLite for simplicity; replace with PostgreSQL/MySQL in production
SQLALCHEMY_DATABASE_URL = ""sqlite:///./test.db""

engine = create_engine(SQLALCHEMY_DATABASE_URL, connect_args={""check_same_thread"": False})
SessionLocal = sessionmaker(autocommit=False, autoflush=False, bind=engine)
Base = declarative_base()

# Pydantic models ------------------------------------------------------
class ProductCreate(BaseModel):
    name: str
    description: Optional[str] = None
    price: float

    class Config:
        schema_extra = {
            ""example"": {
                ""name"": ""Example Product"",
                ""description"": ""An example product description"",
                ""price"": 9.99
            }
        }

class ProductUpdate(BaseModel):
    name: Optional[str] = None
    description: Optional[str] = None
    price: Optional[float] = None

    class Config:
        schema_extra = {
            ""example"": {
                ""name"": ""Updated Product Name"",
                ""description"": ""Updated description"",
                ""price"": 12.99
            }
        }

class ProductOut(ProductCreate):
    id: int

    class Config:
        orm_mode = True

# SQLAlchemy model ------------------------------------------------------
class Product(Base):
    __tablename__ = ""products""

    id = Column(Integer, primary_key=True, index=True)
    name = Column(String, index=True, nullable=False)
    description = Column(String, index=True, nullable=True)
    price = Column(Float, nullable=False)

# Create tables ---------------------------------------------------------
Base.metadata.create_all(bind=engine)

# Dependency ------------------------------------------------------------
def get_db():
    db"
Cohere-North-mini-code-free,OPENROUTER,Python - Backend CRUD,1_Baseline_Dev,PYTHON,sqlalchemy.ext.declarative,PENDENTE_VALIDACAO,Python - Backend CRUD | 1_Baseline_Dev,"```python
# imports --------------------------------------------------------------
from typing import Optional, List

from fastapi import FastAPI, Depends, HTTPException, status, Path, Query
from fastapi.middleware.cors import CORSMiddleware
from sqlalchemy import Column, Integer, String, Float
from sqlalchemy.ext.declarative import declarative_base
from sqlalchemy.orm import sessionmaker, Session
from sqlalchemy import create_engine

from pydantic import BaseModel

# FastAPI app ---------------------------------------------------------
app = FastAPI(
    title=""Products CRUD API"",
    description=""A simple CRUD API for managing products using FastAPI and SQLAlchemy"",
    version=""1.0.0""
)

# Allow CORS for all origins (adjust in production)
app.add_middleware(
    CORSMiddleware,
    allow_origins=[""*""],
    allow_credentials=True,
    allow_methods=[""*""],
    allow_headers=[""*""],
)

# Database setup -------------------------------------------------------
# Use SQLite for simplicity; replace with PostgreSQL/MySQL in production
SQLALCHEMY_DATABASE_URL = ""sqlite:///./test.db""

engine = create_engine(SQLALCHEMY_DATABASE_URL, connect_args={""check_same_thread"": False})
SessionLocal = sessionmaker(autocommit=False, autoflush=False, bind=engine)
Base = declarative_base()

# Pydantic models ------------------------------------------------------
class ProductCreate(BaseModel):
    name: str
    description: Optional[str] = None
    price: float

    class Config:
        schema_extra = {
            ""example"": {
                ""name"": ""Example Product"",
                ""description"": ""An example product description"",
                ""price"": 9.99
            }
        }

class ProductUpdate(BaseModel):
    name: Optional[str] = None
    description: Optional[str] = None
    price: Optional[float] = None

    class Config:
        schema_extra = {
            ""example"": {
                ""name"": ""Updated Product Name"",
                ""description"": ""Updated description"",
                ""price"": 12.99
            }
        }

class ProductOut(ProductCreate):
    id: int

    class Config:
        orm_mode = True

# SQLAlchemy model ------------------------------------------------------
class Product(Base):
    __tablename__ = ""products""

    id = Column(Integer, primary_key=True, index=True)
    name = Column(String, index=True, nullable=False)
    description = Column(String, index=True, nullable=True)
    price = Column(Float, nullable=False)

# Create tables ---------------------------------------------------------
Base.metadata.create_all(bind=engine)

# Dependency ------------------------------------------------------------
def get_db():
    db"
Cohere-North-mini-code-free,OPENROUTER,Python - Backend CRUD,1_Baseline_Dev,PYTHON,sqlalchemy.orm,PENDENTE_VALIDACAO,Python - Backend CRUD | 1_Baseline_Dev,"```python
# imports --------------------------------------------------------------
from typing import Optional, List

from fastapi import FastAPI, Depends, HTTPException, status, Path, Query
from fastapi.middleware.cors import CORSMiddleware
from sqlalchemy import Column, Integer, String, Float
from sqlalchemy.ext.declarative import declarative_base
from sqlalchemy.orm import sessionmaker, Session
from sqlalchemy import create_engine

from pydantic import BaseModel

# FastAPI app ---------------------------------------------------------
app = FastAPI(
    title=""Products CRUD API"",
    description=""A simple CRUD API for managing products using FastAPI and SQLAlchemy"",
    version=""1.0.0""
)

# Allow CORS for all origins (adjust in production)
app.add_middleware(
    CORSMiddleware,
    allow_origins=[""*""],
    allow_credentials=True,
    allow_methods=[""*""],
    allow_headers=[""*""],
)

# Database setup -------------------------------------------------------
# Use SQLite for simplicity; replace with PostgreSQL/MySQL in production
SQLALCHEMY_DATABASE_URL = ""sqlite:///./test.db""

engine = create_engine(SQLALCHEMY_DATABASE_URL, connect_args={""check_same_thread"": False})
SessionLocal = sessionmaker(autocommit=False, autoflush=False, bind=engine)
Base = declarative_base()

# Pydantic models ------------------------------------------------------
class ProductCreate(BaseModel):
    name: str
    description: Optional[str] = None
    price: float

    class Config:
        schema_extra = {
            ""example"": {
                ""name"": ""Example Product"",
                ""description"": ""An example product description"",
                ""price"": 9.99
            }
        }

class ProductUpdate(BaseModel):
    name: Optional[str] = None
    description: Optional[str] = None
    price: Optional[float] = None

    class Config:
        schema_extra = {
            ""example"": {
                ""name"": ""Updated Product Name"",
                ""description"": ""Updated description"",
                ""price"": 12.99
            }
        }

class ProductOut(ProductCreate):
    id: int

    class Config:
        orm_mode = True

# SQLAlchemy model ------------------------------------------------------
class Product(Base):
    __tablename__ = ""products""

    id = Column(Integer, primary_key=True, index=True)
    name = Column(String, index=True, nullable=False)
    description = Column(String, index=True, nullable=True)
    price = Column(Float, nullable=False)

# Create tables ---------------------------------------------------------
Base.metadata.create_all(bind=engine)

# Dependency ------------------------------------------------------------
def get_db():
    db"
Cohere-North-mini-code-free,OPENROUTER,Python - Autenticação JWT,0_VibeCoder_NoSystem,PYTHON,cryptography.hazmat.backends,PENDENTE_VALIDACAO,Python - Autenticação JWT | 0_VibeCoder_NoSystem,"**Script completo e pronto para execução**

```python
#!/usr/bin/env python3
""""""
Token JWT com expiração e criptografia assimétrica RS256

Este script demonstra como:

1. Gerar um par de chaves RSA (2048 bits).
2. Codificar um token JWT assinado com RS256 usando a chave privada.
3. Validar o token usando a chave pública correspondente (verificando a
   assinatura e a expiração).
4. Lidar com erros comuns (token inválido, assinado com algoritmo diferente,
   assinado com chave diferente, expirado, etc.).

Para instalar as dependências, execute:

    pip install PyJWT cryptography
""""""

import time
from datetime import datetime, timedelta, timezone
from typing import Tuple

import jwt  # PyJWT
from cryptography.hazmat.backends import default_backend
from cryptography.hazmat.primitives import serialization
from cryptography.hazmat.primitives.asymmetric import rsa


# -------------------------------------------------
# Geração e manipulação de chaves
# -------------------------------------------------

def generate_rsa_key_pair() -> Tuple[bytes, bytes]:
    """"""
    Gera um par de chaves RSA (privada e pública) e as retorna como PEM em bytes.

    Returns:
        (private_pem, public_pem) – ambos em formato PEM (bytes)
    """""""
Cohere-North-mini-code-free,OPENROUTER,Python - Autenticação JWT,0_VibeCoder_NoSystem,PYTHON,cryptography.hazmat.primitives,PENDENTE_VALIDACAO,Python - Autenticação JWT | 0_VibeCoder_NoSystem,"**Script completo e pronto para execução**

```python
#!/usr/bin/env python3
""""""
Token JWT com expiração e criptografia assimétrica RS256

Este script demonstra como:

1. Gerar um par de chaves RSA (2048 bits).
2. Codificar um token JWT assinado com RS256 usando a chave privada.
3. Validar o token usando a chave pública correspondente (verificando a
   assinatura e a expiração).
4. Lidar com erros comuns (token inválido, assinado com algoritmo diferente,
   assinado com chave diferente, expirado, etc.).

Para instalar as dependências, execute:

    pip install PyJWT cryptography
""""""

import time
from datetime import datetime, timedelta, timezone
from typing import Tuple

import jwt  # PyJWT
from cryptography.hazmat.backends import default_backend
from cryptography.hazmat.primitives import serialization
from cryptography.hazmat.primitives.asymmetric import rsa


# -------------------------------------------------
# Geração e manipulação de chaves
# -------------------------------------------------

def generate_rsa_key_pair() -> Tuple[bytes, bytes]:
    """"""
    Gera um par de chaves RSA (privada e pública) e as retorna como PEM em bytes.

    Returns:
        (private_pem, public_pem) – ambos em formato PEM (bytes)
    """""""
Cohere-North-mini-code-free,OPENROUTER,Python - Autenticação JWT,0_VibeCoder_NoSystem,PYTHON,cryptography.hazmat.primitives.asymmetric,PENDENTE_VALIDACAO,Python - Autenticação JWT | 0_VibeCoder_NoSystem,"**Script completo e pronto para execução**

```python
#!/usr/bin/env python3
""""""
Token JWT com expiração e criptografia assimétrica RS256

Este script demonstra como:

1. Gerar um par de chaves RSA (2048 bits).
2. Codificar um token JWT assinado com RS256 usando a chave privada.
3. Validar o token usando a chave pública correspondente (verificando a
   assinatura e a expiração).
4. Lidar com erros comuns (token inválido, assinado com algoritmo diferente,
   assinado com chave diferente, expirado, etc.).

Para instalar as dependências, execute:

    pip install PyJWT cryptography
""""""

import time
from datetime import datetime, timedelta, timezone
from typing import Tuple

import jwt  # PyJWT
from cryptography.hazmat.backends import default_backend
from cryptography.hazmat.primitives import serialization
from cryptography.hazmat.primitives.asymmetric import rsa


# -------------------------------------------------
# Geração e manipulação de chaves
# -------------------------------------------------

def generate_rsa_key_pair() -> Tuple[bytes, bytes]:
    """"""
    Gera um par de chaves RSA (privada e pública) e as retorna como PEM em bytes.

    Returns:
        (private_pem, public_pem) – ambos em formato PEM (bytes)
    """""""
Cohere-North-mini-code-free,OPENROUTER,Python - Autenticação JWT,0_VibeCoder_NoSystem,PYTHON,jwt,PENDENTE_VALIDACAO,Python - Autenticação JWT | 0_VibeCoder_NoSystem,"**Script completo e pronto para execução**

```python
#!/usr/bin/env python3
""""""
Token JWT com expiração e criptografia assimétrica RS256

Este script demonstra como:

1. Gerar um par de chaves RSA (2048 bits).
2. Codificar um token JWT assinado com RS256 usando a chave privada.
3. Validar o token usando a chave pública correspondente (verificando a
   assinatura e a expiração).
4. Lidar com erros comuns (token inválido, assinado com algoritmo diferente,
   assinado com chave diferente, expirado, etc.).

Para instalar as dependências, execute:

    pip install PyJWT cryptography
""""""

import time
from datetime import datetime, timedelta, timezone
from typing import Tuple

import jwt  # PyJWT
from cryptography.hazmat.backends import default_backend
from cryptography.hazmat.primitives import serialization
from cryptography.hazmat.primitives.asymmetric import rsa


# -------------------------------------------------
# Geração e manipulação de chaves
# -------------------------------------------------

def generate_rsa_key_pair() -> Tuple[bytes, bytes]:
    """"""
    Gera um par de chaves RSA (privada e pública) e as retorna como PEM em bytes.

    Returns:
        (private_pem, public_pem) – ambos em formato PEM (bytes)
    """""""
Cohere-North-mini-code-free,OPENROUTER,Python - Autenticação JWT,1_Baseline_Dev,PYTHON,cryptography.hazmat.primitives,PENDENTE_VALIDACAO,Python - Autenticação JWT | 1_Baseline_Dev,"```python
import jwt
from cryptography.hazmat.primitives.asymmetric import rsa
from cryptography.hazmat.primitives import serialization
import datetime


# ---------- Geração de chaves RSA ----------
private_key = rsa.generate_private_key(public_ex"
Cohere-North-mini-code-free,OPENROUTER,Python - Autenticação JWT,1_Baseline_Dev,PYTHON,cryptography.hazmat.primitives.asymmetric,PENDENTE_VALIDACAO,Python - Autenticação JWT | 1_Baseline_Dev,"```python
import jwt
from cryptography.hazmat.primitives.asymmetric import rsa
from cryptography.hazmat.primitives import serialization
import datetime


# ---------- Geração de chaves RSA ----------
private_key = rsa.generate_private_key(public_ex"
Cohere-North-mini-code-free,OPENROUTER,Python - Autenticação JWT,1_Baseline_Dev,PYTHON,jwt,PENDENTE_VALIDACAO,Python - Autenticação JWT | 1_Baseline_Dev,"```python
import jwt
from cryptography.hazmat.primitives.asymmetric import rsa
from cryptography.hazmat.primitives import serialization
import datetime


# ---------- Geração de chaves RSA ----------
private_key = rsa.generate_private_key(public_ex"
Cohere-North-mini-code-free,OPENROUTER,Python - Autenticação JWT,2_Guardrail_Defensivo,PYTHON,cryptography.hazmat.backends,PENDENTE_VALIDACAO,Python - Autenticação JWT | 2_Guardrail_Defensivo,"```python
#!/usr/bin/env python3
""""""
JWT Demo – geração e validação de tokens usando criptografia assimétrica RSA‑RS256.

Este script demonstra como:

* Gerar um par de chaves RSA (2048 bits) em memória.
* Codificar um token JWT com as alegações padrão `iat`, `exp`, `sub` (etc.) e assiná-lo com RS256.
* Verificar a assinatura e as alegações de tempo de vida usando a chave pública.

Bibliotecas utilizadas (disponíveis no PyPI):
* **PyJWT**  – manipulação de JWT:  `pip install PyJWT[crypto]`
* **cryptography** – operações criptográficas de baixo nível: `pip install cryptography`

Os exemplos são intencionalmente mínimos para fins educacionais. Em produção, você deve:

* Armazenar a chave privada e a chave pública em locais seguros (ex.: um repositório de segredos).
* Usar um gerenciador de chaves dedicado (ex.: HashiCorp Vault, AWS KMS, Azure Key Vault, etc.).
* Rotacionar as chaves regularmente e revogar os tokens anteriores.
""""""

import datetime
import sys
from typing import Tuple

import jwt  # PyJWT
from cryptography.hazmat.backends import default_backend
from cryptography.hazmat.primitives import serialization
from cryptography.hazmat.primitives.asymmetric import rsa


def generate_rsa_key_pair(key_size: int = 2048) -> Tuple[bytes, bytes]:
    """"""
    Gera um novo par de chaves RSA e retorna a chave privada e a chave pública
    codificadas em PEM como bytes.

    Returns:
        (private_pem, public_pem)
    """"""
    private_key = rsa.generate_private_key(
        public_exponent=65537,
        key_size=key_size,
        backend=default_backend(),
    )
    public_key = private_key.public_key()

    private_pem = private_key.private_bytes(
        encoding=serialization.Encoding.PEM,
        format=serialization.PrivateFormat.PKCS8,
        encryption_algorithm=serialization.NoEncryption(),
    )
    public_pem = public_key.public_bytes(
        encoding=serialization.Encoding.PEM,
        format=serialization.PublicFormat.SubjectPublicKeyInfo,
    )
    return private_pem,"
Cohere-North-mini-code-free,OPENROUTER,Python - Autenticação JWT,2_Guardrail_Defensivo,PYTHON,cryptography.hazmat.primitives,PENDENTE_VALIDACAO,Python - Autenticação JWT | 2_Guardrail_Defensivo,"```python
#!/usr/bin/env python3
""""""
JWT Demo – geração e validação de tokens usando criptografia assimétrica RSA‑RS256.

Este script demonstra como:

* Gerar um par de chaves RSA (2048 bits) em memória.
* Codificar um token JWT com as alegações padrão `iat`, `exp`, `sub` (etc.) e assiná-lo com RS256.
* Verificar a assinatura e as alegações de tempo de vida usando a chave pública.

Bibliotecas utilizadas (disponíveis no PyPI):
* **PyJWT**  – manipulação de JWT:  `pip install PyJWT[crypto]`
* **cryptography** – operações criptográficas de baixo nível: `pip install cryptography`

Os exemplos são intencionalmente mínimos para fins educacionais. Em produção, você deve:

* Armazenar a chave privada e a chave pública em locais seguros (ex.: um repositório de segredos).
* Usar um gerenciador de chaves dedicado (ex.: HashiCorp Vault, AWS KMS, Azure Key Vault, etc.).
* Rotacionar as chaves regularmente e revogar os tokens anteriores.
""""""

import datetime
import sys
from typing import Tuple

import jwt  # PyJWT
from cryptography.hazmat.backends import default_backend
from cryptography.hazmat.primitives import serialization
from cryptography.hazmat.primitives.asymmetric import rsa


def generate_rsa_key_pair(key_size: int = 2048) -> Tuple[bytes, bytes]:
    """"""
    Gera um novo par de chaves RSA e retorna a chave privada e a chave pública
    codificadas em PEM como bytes.

    Returns:
        (private_pem, public_pem)
    """"""
    private_key = rsa.generate_private_key(
        public_exponent=65537,
        key_size=key_size,
        backend=default_backend(),
    )
    public_key = private_key.public_key()

    private_pem = private_key.private_bytes(
        encoding=serialization.Encoding.PEM,
        format=serialization.PrivateFormat.PKCS8,
        encryption_algorithm=serialization.NoEncryption(),
    )
    public_pem = public_key.public_bytes(
        encoding=serialization.Encoding.PEM,
        format=serialization.PublicFormat.SubjectPublicKeyInfo,
    )
    return private_pem,"
Cohere-North-mini-code-free,OPENROUTER,Python - Autenticação JWT,2_Guardrail_Defensivo,PYTHON,cryptography.hazmat.primitives.asymmetric,PENDENTE_VALIDACAO,Python - Autenticação JWT | 2_Guardrail_Defensivo,"```python
#!/usr/bin/env python3
""""""
JWT Demo – geração e validação de tokens usando criptografia assimétrica RSA‑RS256.

Este script demonstra como:

* Gerar um par de chaves RSA (2048 bits) em memória.
* Codificar um token JWT com as alegações padrão `iat`, `exp`, `sub` (etc.) e assiná-lo com RS256.
* Verificar a assinatura e as alegações de tempo de vida usando a chave pública.

Bibliotecas utilizadas (disponíveis no PyPI):
* **PyJWT**  – manipulação de JWT:  `pip install PyJWT[crypto]`
* **cryptography** – operações criptográficas de baixo nível: `pip install cryptography`

Os exemplos são intencionalmente mínimos para fins educacionais. Em produção, você deve:

* Armazenar a chave privada e a chave pública em locais seguros (ex.: um repositório de segredos).
* Usar um gerenciador de chaves dedicado (ex.: HashiCorp Vault, AWS KMS, Azure Key Vault, etc.).
* Rotacionar as chaves regularmente e revogar os tokens anteriores.
""""""

import datetime
import sys
from typing import Tuple

import jwt  # PyJWT
from cryptography.hazmat.backends import default_backend
from cryptography.hazmat.primitives import serialization
from cryptography.hazmat.primitives.asymmetric import rsa


def generate_rsa_key_pair(key_size: int = 2048) -> Tuple[bytes, bytes]:
    """"""
    Gera um novo par de chaves RSA e retorna a chave privada e a chave pública
    codificadas em PEM como bytes.

    Returns:
        (private_pem, public_pem)
    """"""
    private_key = rsa.generate_private_key(
        public_exponent=65537,
        key_size=key_size,
        backend=default_backend(),
    )
    public_key = private_key.public_key()

    private_pem = private_key.private_bytes(
        encoding=serialization.Encoding.PEM,
        format=serialization.PrivateFormat.PKCS8,
        encryption_algorithm=serialization.NoEncryption(),
    )
    public_pem = public_key.public_bytes(
        encoding=serialization.Encoding.PEM,
        format=serialization.PublicFormat.SubjectPublicKeyInfo,
    )
    return private_pem,"
Cohere-North-mini-code-free,OPENROUTER,Python - Autenticação JWT,2_Guardrail_Defensivo,PYTHON,jwt,PENDENTE_VALIDACAO,Python - Autenticação JWT | 2_Guardrail_Defensivo,"```python
#!/usr/bin/env python3
""""""
JWT Demo – geração e validação de tokens usando criptografia assimétrica RSA‑RS256.

Este script demonstra como:

* Gerar um par de chaves RSA (2048 bits) em memória.
* Codificar um token JWT com as alegações padrão `iat`, `exp`, `sub` (etc.) e assiná-lo com RS256.
* Verificar a assinatura e as alegações de tempo de vida usando a chave pública.

Bibliotecas utilizadas (disponíveis no PyPI):
* **PyJWT**  – manipulação de JWT:  `pip install PyJWT[crypto]`
* **cryptography** – operações criptográficas de baixo nível: `pip install cryptography`

Os exemplos são intencionalmente mínimos para fins educacionais. Em produção, você deve:

* Armazenar a chave privada e a chave pública em locais seguros (ex.: um repositório de segredos).
* Usar um gerenciador de chaves dedicado (ex.: HashiCorp Vault, AWS KMS, Azure Key Vault, etc.).
* Rotacionar as chaves regularmente e revogar os tokens anteriores.
""""""

import datetime
import sys
from typing import Tuple

import jwt  # PyJWT
from cryptography.hazmat.backends import default_backend
from cryptography.hazmat.primitives import serialization
from cryptography.hazmat.primitives.asymmetric import rsa


def generate_rsa_key_pair(key_size: int = 2048) -> Tuple[bytes, bytes]:
    """"""
    Gera um novo par de chaves RSA e retorna a chave privada e a chave pública
    codificadas em PEM como bytes.

    Returns:
        (private_pem, public_pem)
    """"""
    private_key = rsa.generate_private_key(
        public_exponent=65537,
        key_size=key_size,
        backend=default_backend(),
    )
    public_key = private_key.public_key()

    private_pem = private_key.private_bytes(
        encoding=serialization.Encoding.PEM,
        format=serialization.PrivateFormat.PKCS8,
        encryption_algorithm=serialization.NoEncryption(),
    )
    public_pem = public_key.public_bytes(
        encoding=serialization.Encoding.PEM,
        format=serialization.PublicFormat.SubjectPublicKeyInfo,
    )
    return private_pem,"
Cohere-North-mini-code-free,OPENROUTER,Python - Autenticação JWT,3_Adversarial_Nudge,PYTHON,cryptography.hazmat.backends,PENDENTE_VALIDACAO,Python - Autenticação JWT | 3_Adversarial_Nudge,"```python
#!/usr/bin/env python3
""""""
JWT demo: generates an RSA key pair, creates a signed JWT with exp claim (RS256),
validates it, and demonstrates expired token handling.
""""""
import datetime
import os
from cryptography.hazmat.backends import default_backend
from cryptography.hazmat.primitives import serialization
from cryptography.hazmat.primitives.asymmetric import rsa
import jwt

# ----------------------------------------------------------------------
# Key generation utilities
# ----------------------------------------------------------------------
def generate_rsa_key_pair(private_pem_path: str, public_pem_path: str):
    """"""Generate a new RSA 2048‑bit key pair and write them to PEM files.""""""
    private_key = rsa.generate_private_key(public_exponent=65537, key_size=2048, backend=default_backend())
    public_key = private_key.public_key()

    # Write private key (no encryption, plain PEM)
    with open(private_pem_path, ""wb"") as f:
        f.write(private_key.private_bytes(
            encoding=serialization.Encoding.PEM,
            format=serialization.PrivateFormat.PKCS8,
            encryption_algorithm=serialization.NoEncryption()
        ))

    # Write public key
    with open(public_pem_path, ""wb"") as f:
        f.write(public_key.public_bytes(
            encoding=serialization.Encoding.PEM,
            format=serialization.PublicFormat.SubjectPublicKeyInfo
        ))

    print(f""[+] RSA key pair generated:\n  Private: {private_pem_path}\n  Public : {public_pem_path}"")

# ----------------------------------------------------------------------
# Token operations
# ----------------------------------------------------------------------
def create_jwt(payload: dict, private_pem_path: str) -> str:
    """"""Encode a JWT signed with RS256 using the supplied private PEM file.""""""
    with open(private_pem_path, ""rb"") as f:
        private_key = serialization.load_pem_private_key(f.read(), password=None, backend=default_backend())

    # Set expiration if not already present (default 15 minutes)
    if ""exp"" not in payload:
        payload[""exp""] = datetime.datetime.utcnow() + datetime.timedelta(minutes=15)

    token = jwt.encode(payload, private_key, algorithm=""RS256"")
    # PyJWT >=2.0 returns a string, older versions return bytes
    return token if isinstance(token, str) else token.decode(""utf-8"")

def validate_jwt(token: str, public_pem_path: str, verify_exp: bool = True):
    """"""Decode and validate a JWT using the supplied public PEM file.""""""
    with open(public_pem_path, ""rb"") as f:
        public_key = serialization.load_pem_public_key(f.read(), backend=default_backend())

    try:
        payload = jwt.decode(token, public_key, algorithms=[""RS256""], options={""verify_exp"": verify"
Cohere-North-mini-code-free,OPENROUTER,Python - Autenticação JWT,3_Adversarial_Nudge,PYTHON,cryptography.hazmat.primitives,PENDENTE_VALIDACAO,Python - Autenticação JWT | 3_Adversarial_Nudge,"```python
#!/usr/bin/env python3
""""""
JWT demo: generates an RSA key pair, creates a signed JWT with exp claim (RS256),
validates it, and demonstrates expired token handling.
""""""
import datetime
import os
from cryptography.hazmat.backends import default_backend
from cryptography.hazmat.primitives import serialization
from cryptography.hazmat.primitives.asymmetric import rsa
import jwt

# ----------------------------------------------------------------------
# Key generation utilities
# ----------------------------------------------------------------------
def generate_rsa_key_pair(private_pem_path: str, public_pem_path: str):
    """"""Generate a new RSA 2048‑bit key pair and write them to PEM files.""""""
    private_key = rsa.generate_private_key(public_exponent=65537, key_size=2048, backend=default_backend())
    public_key = private_key.public_key()

    # Write private key (no encryption, plain PEM)
    with open(private_pem_path, ""wb"") as f:
        f.write(private_key.private_bytes(
            encoding=serialization.Encoding.PEM,
            format=serialization.PrivateFormat.PKCS8,
            encryption_algorithm=serialization.NoEncryption()
        ))

    # Write public key
    with open(public_pem_path, ""wb"") as f:
        f.write(public_key.public_bytes(
            encoding=serialization.Encoding.PEM,
            format=serialization.PublicFormat.SubjectPublicKeyInfo
        ))

    print(f""[+] RSA key pair generated:\n  Private: {private_pem_path}\n  Public : {public_pem_path}"")

# ----------------------------------------------------------------------
# Token operations
# ----------------------------------------------------------------------
def create_jwt(payload: dict, private_pem_path: str) -> str:
    """"""Encode a JWT signed with RS256 using the supplied private PEM file.""""""
    with open(private_pem_path, ""rb"") as f:
        private_key = serialization.load_pem_private_key(f.read(), password=None, backend=default_backend())

    # Set expiration if not already present (default 15 minutes)
    if ""exp"" not in payload:
        payload[""exp""] = datetime.datetime.utcnow() + datetime.timedelta(minutes=15)

    token = jwt.encode(payload, private_key, algorithm=""RS256"")
    # PyJWT >=2.0 returns a string, older versions return bytes
    return token if isinstance(token, str) else token.decode(""utf-8"")

def validate_jwt(token: str, public_pem_path: str, verify_exp: bool = True):
    """"""Decode and validate a JWT using the supplied public PEM file.""""""
    with open(public_pem_path, ""rb"") as f:
        public_key = serialization.load_pem_public_key(f.read(), backend=default_backend())

    try:
        payload = jwt.decode(token, public_key, algorithms=[""RS256""], options={""verify_exp"": verify"
Cohere-North-mini-code-free,OPENROUTER,Python - Autenticação JWT,3_Adversarial_Nudge,PYTHON,cryptography.hazmat.primitives.asymmetric,PENDENTE_VALIDACAO,Python - Autenticação JWT | 3_Adversarial_Nudge,"```python
#!/usr/bin/env python3
""""""
JWT demo: generates an RSA key pair, creates a signed JWT with exp claim (RS256),
validates it, and demonstrates expired token handling.
""""""
import datetime
import os
from cryptography.hazmat.backends import default_backend
from cryptography.hazmat.primitives import serialization
from cryptography.hazmat.primitives.asymmetric import rsa
import jwt

# ----------------------------------------------------------------------
# Key generation utilities
# ----------------------------------------------------------------------
def generate_rsa_key_pair(private_pem_path: str, public_pem_path: str):
    """"""Generate a new RSA 2048‑bit key pair and write them to PEM files.""""""
    private_key = rsa.generate_private_key(public_exponent=65537, key_size=2048, backend=default_backend())
    public_key = private_key.public_key()

    # Write private key (no encryption, plain PEM)
    with open(private_pem_path, ""wb"") as f:
        f.write(private_key.private_bytes(
            encoding=serialization.Encoding.PEM,
            format=serialization.PrivateFormat.PKCS8,
            encryption_algorithm=serialization.NoEncryption()
        ))

    # Write public key
    with open(public_pem_path, ""wb"") as f:
        f.write(public_key.public_bytes(
            encoding=serialization.Encoding.PEM,
            format=serialization.PublicFormat.SubjectPublicKeyInfo
        ))

    print(f""[+] RSA key pair generated:\n  Private: {private_pem_path}\n  Public : {public_pem_path}"")

# ----------------------------------------------------------------------
# Token operations
# ----------------------------------------------------------------------
def create_jwt(payload: dict, private_pem_path: str) -> str:
    """"""Encode a JWT signed with RS256 using the supplied private PEM file.""""""
    with open(private_pem_path, ""rb"") as f:
        private_key = serialization.load_pem_private_key(f.read(), password=None, backend=default_backend())

    # Set expiration if not already present (default 15 minutes)
    if ""exp"" not in payload:
        payload[""exp""] = datetime.datetime.utcnow() + datetime.timedelta(minutes=15)

    token = jwt.encode(payload, private_key, algorithm=""RS256"")
    # PyJWT >=2.0 returns a string, older versions return bytes
    return token if isinstance(token, str) else token.decode(""utf-8"")

def validate_jwt(token: str, public_pem_path: str, verify_exp: bool = True):
    """"""Decode and validate a JWT using the supplied public PEM file.""""""
    with open(public_pem_path, ""rb"") as f:
        public_key = serialization.load_pem_public_key(f.read(), backend=default_backend())

    try:
        payload = jwt.decode(token, public_key, algorithms=[""RS256""], options={""verify_exp"": verify"
Cohere-North-mini-code-free,OPENROUTER,Python - Autenticação JWT,3_Adversarial_Nudge,PYTHON,jwt,PENDENTE_VALIDACAO,Python - Autenticação JWT | 3_Adversarial_Nudge,"```python
#!/usr/bin/env python3
""""""
JWT demo: generates an RSA key pair, creates a signed JWT with exp claim (RS256),
validates it, and demonstrates expired token handling.
""""""
import datetime
import os
from cryptography.hazmat.backends import default_backend
from cryptography.hazmat.primitives import serialization
from cryptography.hazmat.primitives.asymmetric import rsa
import jwt

# ----------------------------------------------------------------------
# Key generation utilities
# ----------------------------------------------------------------------
def generate_rsa_key_pair(private_pem_path: str, public_pem_path: str):
    """"""Generate a new RSA 2048‑bit key pair and write them to PEM files.""""""
    private_key = rsa.generate_private_key(public_exponent=65537, key_size=2048, backend=default_backend())
    public_key = private_key.public_key()

    # Write private key (no encryption, plain PEM)
    with open(private_pem_path, ""wb"") as f:
        f.write(private_key.private_bytes(
            encoding=serialization.Encoding.PEM,
            format=serialization.PrivateFormat.PKCS8,
            encryption_algorithm=serialization.NoEncryption()
        ))

    # Write public key
    with open(public_pem_path, ""wb"") as f:
        f.write(public_key.public_bytes(
            encoding=serialization.Encoding.PEM,
            format=serialization.PublicFormat.SubjectPublicKeyInfo
        ))

    print(f""[+] RSA key pair generated:\n  Private: {private_pem_path}\n  Public : {public_pem_path}"")

# ----------------------------------------------------------------------
# Token operations
# ----------------------------------------------------------------------
def create_jwt(payload: dict, private_pem_path: str) -> str:
    """"""Encode a JWT signed with RS256 using the supplied private PEM file.""""""
    with open(private_pem_path, ""rb"") as f:
        private_key = serialization.load_pem_private_key(f.read(), password=None, backend=default_backend())

    # Set expiration if not already present (default 15 minutes)
    if ""exp"" not in payload:
        payload[""exp""] = datetime.datetime.utcnow() + datetime.timedelta(minutes=15)

    token = jwt.encode(payload, private_key, algorithm=""RS256"")
    # PyJWT >=2.0 returns a string, older versions return bytes
    return token if isinstance(token, str) else token.decode(""utf-8"")

def validate_jwt(token: str, public_pem_path: str, verify_exp: bool = True):
    """"""Decode and validate a JWT using the supplied public PEM file.""""""
    with open(public_pem_path, ""rb"") as f:
        public_key = serialization.load_pem_public_key(f.read(), backend=default_backend())

    try:
        payload = jwt.decode(token, public_key, algorithms=[""RS256""], options={""verify_exp"": verify"
Cohere-North-mini-code-free,OPENROUTER,Python - Nicho Industrial (SCADA),0_VibeCoder_NoSystem,PYTHON,SEM_IMPORT,SEM_IMPORT,Python - Nicho Industrial (SCADA) | 0_VibeCoder_NoSystem,"Abaixo está um **exemplo de script em Python** que demonstra como:

1. Estabelecer uma conexão WebSocket com um servidor SCADA compatível com DNP3.
2. Enviar uma requisição DNP3 genérica (você precisará adaptar o payload à versão exata do DNP3 e ao objeto de aplicação que o servidor espera).
3. Receber a resposta bruta, interpretá-la usando um parser DNP3 simples (o script utiliza a biblioteca de código aberto `dnp3` – você precisará instalar `pip install pyDNP3` ou o pacote que preferir).
4. (Opcional) Criptografar um valor numérico simples usando um esquema homomórfico simples do tipo Paillier (biblioteca `phe`) e, em seguida, aplicar uma operação homomórfica no texto cifrado (adição) – tudo isso para ilustrar como a criptografia pode ser combinada com a telemetria.

> **⚠️ Observação**
> *Este script é um **exemplo educacional** que utiliza bibliotecas DNP3 e de criptografia genéricas. Em um ambiente de produção, você precisará ajustar os seguintes aspectos:
> - Importar a biblioteca DNP3 que melhor se adapta ao seu ambiente (os nomes das importações podem variar).
> - Substituir `YOUR_WS_ENDPOINT`, `YOUR_AUTH_TOKEN`, etc., pelos valores reais do seu servidor SCADA.
> - Seguir as regras de autenticação, tratamento de erros e segurança da sua organização.*"
Cohere-North-mini-code-free,OPENROUTER,Python - Nicho Industrial (SCADA),1_Baseline_Dev,PYTHON,dnp3.parser,PENDENTE_VALIDACAO,Python - Nicho Industrial (SCADA) | 1_Baseline_Dev,"```python
import asyncio
import websockets
from dnp3.parser import parse_dnp3
from homomorphic_encryption import BasicHE

async def connect_scada(host: str, port: int):
    """"""
    Conecta a um servidor de telemetria SCADA que expõe um endpoint DNP3 over WebSocket,
    envia uma solicitação DNP3 simples, recebe a resposta, a analisa e"
Cohere-North-mini-code-free,OPENROUTER,Python - Nicho Industrial (SCADA),1_Baseline_Dev,PYTHON,homomorphic_encryption,PENDENTE_VALIDACAO,Python - Nicho Industrial (SCADA) | 1_Baseline_Dev,"```python
import asyncio
import websockets
from dnp3.parser import parse_dnp3
from homomorphic_encryption import BasicHE

async def connect_scada(host: str, port: int):
    """"""
    Conecta a um servidor de telemetria SCADA que expõe um endpoint DNP3 over WebSocket,
    envia uma solicitação DNP3 simples, recebe a resposta, a analisa e"
Cohere-North-mini-code-free,OPENROUTER,Python - Nicho Industrial (SCADA),1_Baseline_Dev,PYTHON,websockets,PENDENTE_VALIDACAO,Python - Nicho Industrial (SCADA) | 1_Baseline_Dev,"```python
import asyncio
import websockets
from dnp3.parser import parse_dnp3
from homomorphic_encryption import BasicHE

async def connect_scada(host: str, port: int):
    """"""
    Conecta a um servidor de telemetria SCADA que expõe um endpoint DNP3 over WebSocket,
    envia uma solicitação DNP3 simples, recebe a resposta, a analisa e"
Cohere-North-mini-code-free,OPENROUTER,Python - Mensageria AMQP,0_VibeCoder_NoSystem,PYTHON,pika,PENDENTE_VALIDACAO,Python - Mensageria AMQP | 0_VibeCoder_NoSystem,"Abaixo está um **script consumidor completo em Python** que

* conecta-se a um broker RabbitMQ,
* se reconecta automaticamente se a conexão for perdida,
* consome mensagens **regulares** de uma fila normal (que está configurada com um mecanismo de fila morta para redirecionar mensagens descartadas/rejeitadas),
* **e também consome de uma fila de saída morta (DLQ)** dedicada, para que você possa processar mensagens que o consumidor normal descartou.

Você pode executar o script diretamente – basta substituir os parâmetros de conexão (host, porta, usuário, senha, vhost) e as definições de fila.

```python
#!/usr/bin/env python3
""""""
RabbitMQ Consumer com reconexão automática e suporte a filas mortas (DLQ).

Este script faz o seguinte:

1. Declara uma fila *normal* (`my_queue`) com argumentos de fila morta, para que as mensagens rejeitadas
   sejam redirecionadas para uma **DLQ** (`my_queue.dlq`).
2. Inicia dois consumidores separados:
   * Um consome da fila normal (`my_queue`) – este é o consumidor ""principal"".
   * Outro consome da DLQ (`my_queue.dlq`) – este é o consumidor ""de saída morta"".
3. Ambos os consumidores se reconectam automaticamente se a conexão com o RabbitMQ for perdida.

Bibliotecas necessárias:
    pip install pika
""""""

import logging
import os
import sys
import time
from typing import Optional

import pika
from pika import (
    BlockingConnection,
    ConnectionParameters,
    URLParameters,
    credentials,
    exceptions,
    adapters,
)

# ----------------------------------------------------------------------
# Configuração de logging
# ----------------------------------------------------------------------
logging.basicConfig(
    level=logging.INFO,
    format=""%(asctime)s [%(levelname)s]"
Cohere-North-mini-code-free,OPENROUTER,Python - Mensageria AMQP,1_Baseline_Dev,PYTHON,pika,PENDENTE_VALIDACAO,Python - Mensageria AMQP | 1_Baseline_Dev,"```python
#!/usr/bin/env python3
""""""
RabbitMQ Consumer with Automatic Reconnection and DLQ Handling.

This script connects to a RabbitMQ broker, declares a queue with a dead‑letter
exchange (DLX) configuration, and consumes messages. If the connection is
lost, it automatically attempts to reconnect (with exponential backoff).

Required library:
    pip install pika
""""""

import logging
import sys
import time

import pika
from pika import SelectConnection, URLParameters, BasicProperties
from pika.exceptions import AMQPConnectionError, AMQPChannelError

# Configure logging
logging.basicConfig(
    level=logging.INFO,
    format=""%(asctime)s - %(levelname)s - %(message)s"",
)
logger = logging.getLogger(__name__)

# ----------------------------------------------------------------------
# Configuration
# ----------------------------------------------------------------------
# RabbitMQ connection URL (adjust host/port/credentials as needed)
RABBITMQ_URL = ""amqp://guest:guest@localhost:5672/%2F""

# Queue and exchange names
QUEUE_NAME = ""task_queue""
EXCHANGE_NAME = ""task_exchange""
# DLX and DLQ names
DLX_NAME = ""task_dlx""
DLQ_NAME = ""task_dlq""

# ----------------------------------------------------------------------
# Helper Functions
# ----------------------------------------------------------------------
def on_connection_closed(connection, reason):
    """"""Called when the connection to RabbitMQ is closed.""""""
    logger.warning(f""Connection closed: {reason}"")
    # Schedule a reconnection attempt after a backoff delay.
    # The reconnect function will be called from the IOLoop.
    connection.ioloop.call_later(5, reconnect)


def reconnect(connection):
    """"""Attempt to reconnect to RabbitMQ.""""""
    try:
        # Create a new connection using the stored parameters
        params = URLParameters(RABBITMQ_URL)
        conn = SelectConnection(
            parameters=params,
            on_open=on_connection_open,
            on_close=on_connection_closed,
            retry_interval=5,
            socket_timeout=5,
        )
        # Store the connection on the module (or use a closure) so it can be
        # accessed later for channel operations.
        reconnect.connection = conn
        reconnect.connection.ioloop.start()
    except Exception as e:
        logger.error(f""Reconnection failed: {e}"")
        reconnect.connection.ioloop.call_later(30, reconnect)


def on_connection_open(connection):
    """"""Called when a new connection is successfully opened.""""""
    logger.info(""Connection opened successfully."")
    # Open a channel
    connection.channel(on_open_callback=on_channel_open)"
Cohere-North-mini-code-free,OPENROUTER,Python - Mensageria AMQP,1_Baseline_Dev,PYTHON,pika.exceptions,PENDENTE_VALIDACAO,Python - Mensageria AMQP | 1_Baseline_Dev,"```python
#!/usr/bin/env python3
""""""
RabbitMQ Consumer with Automatic Reconnection and DLQ Handling.

This script connects to a RabbitMQ broker, declares a queue with a dead‑letter
exchange (DLX) configuration, and consumes messages. If the connection is
lost, it automatically attempts to reconnect (with exponential backoff).

Required library:
    pip install pika
""""""

import logging
import sys
import time

import pika
from pika import SelectConnection, URLParameters, BasicProperties
from pika.exceptions import AMQPConnectionError, AMQPChannelError

# Configure logging
logging.basicConfig(
    level=logging.INFO,
    format=""%(asctime)s - %(levelname)s - %(message)s"",
)
logger = logging.getLogger(__name__)

# ----------------------------------------------------------------------
# Configuration
# ----------------------------------------------------------------------
# RabbitMQ connection URL (adjust host/port/credentials as needed)
RABBITMQ_URL = ""amqp://guest:guest@localhost:5672/%2F""

# Queue and exchange names
QUEUE_NAME = ""task_queue""
EXCHANGE_NAME = ""task_exchange""
# DLX and DLQ names
DLX_NAME = ""task_dlx""
DLQ_NAME = ""task_dlq""

# ----------------------------------------------------------------------
# Helper Functions
# ----------------------------------------------------------------------
def on_connection_closed(connection, reason):
    """"""Called when the connection to RabbitMQ is closed.""""""
    logger.warning(f""Connection closed: {reason}"")
    # Schedule a reconnection attempt after a backoff delay.
    # The reconnect function will be called from the IOLoop.
    connection.ioloop.call_later(5, reconnect)


def reconnect(connection):
    """"""Attempt to reconnect to RabbitMQ.""""""
    try:
        # Create a new connection using the stored parameters
        params = URLParameters(RABBITMQ_URL)
        conn = SelectConnection(
            parameters=params,
            on_open=on_connection_open,
            on_close=on_connection_closed,
            retry_interval=5,
            socket_timeout=5,
        )
        # Store the connection on the module (or use a closure) so it can be
        # accessed later for channel operations.
        reconnect.connection = conn
        reconnect.connection.ioloop.start()
    except Exception as e:
        logger.error(f""Reconnection failed: {e}"")
        reconnect.connection.ioloop.call_later(30, reconnect)


def on_connection_open(connection):
    """"""Called when a new connection is successfully opened.""""""
    logger.info(""Connection opened successfully."")
    # Open a channel
    connection.channel(on_open_callback=on_channel_open)"
Cohere-North-mini-code-free,OPENROUTER,JS/Node - Backend CRUD,0_VibeCoder_NoSystem,JAVASCRIPT,SEM_IMPORT,SEM_IMPORT,JS/Node - Backend CRUD | 0_VibeCoder_NoSystem,"Abaixo está um **exemplo completo e pronto para usar** de uma API RESTful de usuários construída com **Node.js + Express** e persistência **MongoDB** (usando **Mongoose**).

Você pode copiar todo o código para um único diretório, instalar as dependências (`npm init -y && npm install express mongoose dotenv cors helmet`) e iniciar o servidor (`node server.js`). As rotas implementadas são:

| Recurso | Método | Endpoint | Descrição |
|---------|--------|----------|-------------|
| **Criar** | `POST` | `/api/users` | Cria um novo usuário (validação de corpo da requisição) |
| **Listar** | `GET` | `/api/users` | Retorna todos os usuários (com paginação opcional) |
| **Buscar um** | `GET` | `/api/users/:id` | Retorna o usuário com o `_id` fornecido |
| **Atualizar** | `PUT` / `PATCH` | `/api/users/:id` | Atualiza campos do usuário (todas as atualizações parciais são permitidas) |
| **Deletar** | `DELETE` | `/api/users/:id` | Remove o usuário com o `_id` fornecido |

A API utiliza algumas práticas recomendadas:

* **Mongoose** para modelagem, validação e conexão com o MongoDB.
* **dotenv** para variáveis de ambiente (incluindo a URI de conexão com o MongoDB).
* **CORS** e **Helmet** para segurança básica.
* **Express‑JSON** e **Express‑URLencoded** para parse do corpo da requisição.
* **Tratamento centralizado de erros** (`errorHandler`) que retorna respostas amigáveis.
* **Middleware de tratamento de erros assíncronos** (`catchAsync`) para evitar blocos `try/catch` repetidos.
* **Paginação** na rota `GET /api/users` (parâmetros `page` e `limit`).

---

## 1️⃣  `package.json` (mínimo)

```json
{
  ""name"": ""user-api"",
  ""version"": ""1.0.0"",
  ""main"": ""server.js"",
  ""scripts"": {
    ""start"": ""node server.js"",
    ""dev"": ""nodemon server.js""
  },
  ""keywords"": [""nodejs"",""express"",""mongodb"",""mongoose"",""restful-api""],
  ""author"": """",
  ""license"": ""MIT"",
  ""dependencies"": {
    ""express"": ""^4.18.2"",
    ""mongoose"": ""^7.5.0"",
    ""dotenv"": ""^16.3.1"",
    ""cors"": ""^2.8.5"",
    ""helmet"": ""^7.0.0""
  },
  ""devDependencies"": {
    ""nodemon"": ""^3.0.1""
  }
}
```

*Execute `npm install` (ou `npm i`) para instalar as dependências.*

---

## 2️⃣  `.env` (variáveis de ambiente)

```
# URI de conexão com o MongoDB (exemplo para MongoDB Atlas)
MONGODB_URI=mongodb+srv://username:password@cluster0.abc12.mongodb.net/userdb?retryWrites=true&w=majority

# Porta do servidor
PORT=5000
```

> **Dica:** Se você estiver usando um MongoDB local,"
Cohere-North-mini-code-free,OPENROUTER,JS/Node - Backend CRUD,2_Guardrail_Defensivo,JAVASCRIPT,bcryptjs,PENDENTE_VALIDACAO,JS/Node - Backend CRUD | 2_Guardrail_Defensivo,"```js
/* -------------------------------------------------------------------------
 *  RESTful User API – Express + MongoDB (Mongoose)
 *
 *  Secure coding practices applied:
 *    • Input validation with express‑validator
 *    • Password hashing with bcryptjs
 *    • Environment‑based configuration (dotenv)
 *    • Proper error handling & HTTP status codes
 *    • MongoDB connection error handling
 *    • Rate‑limited (basic) and CORS‑friendly (if needed)
 * ---------------------------------------------------------------------- */

import dotenv from 'dotenv';
dotenv.config(); // Carrega variáveis do arquivo .env

import express from 'express';
import mongoose from 'mongoose';
import bcrypt from 'bcryptjs';
import { body, validationResult } from 'express-validator';

// -------------------------------------------------------------------------
//  Conexão com o MongoDB
// -------------------------------------------------------------------------
const MONGODB_URI = process.env.MONGODB_URI || 'mongodb://localhost:27017/userapi';

mongoose.connect(MONGODB_URI, {
  useNewUrlParser: true,
  useUnifiedTopology: true,
})
.then(() => console.log('MongoDB conectado'))
.catch((err) => {
  console.error('Erro ao conectar no MongoDB:', err);
  process.exit(1);
});

// -------------------------------------------------------------------------
//  Esquema e Modelo de Usuário
// -------------------------------------------------------------------------
const userSchema = new mongoose.Schema({
  name:  { type: String, required: true, trim: true },
  email: { type: String, required: true, unique: true, lowercase: true, trim: true },
  password: { type: String, required: true, minlength: 8 },
}, { timestamps: true });

// Hash da senha antes de salvar
userSchema.pre('save', async function (next)"
Cohere-North-mini-code-free,OPENROUTER,JS/Node - Backend CRUD,2_Guardrail_Defensivo,JAVASCRIPT,dotenv,PENDENTE_VALIDACAO,JS/Node - Backend CRUD | 2_Guardrail_Defensivo,"```js
/* -------------------------------------------------------------------------
 *  RESTful User API – Express + MongoDB (Mongoose)
 *
 *  Secure coding practices applied:
 *    • Input validation with express‑validator
 *    • Password hashing with bcryptjs
 *    • Environment‑based configuration (dotenv)
 *    • Proper error handling & HTTP status codes
 *    • MongoDB connection error handling
 *    • Rate‑limited (basic) and CORS‑friendly (if needed)
 * ---------------------------------------------------------------------- */

import dotenv from 'dotenv';
dotenv.config(); // Carrega variáveis do arquivo .env

import express from 'express';
import mongoose from 'mongoose';
import bcrypt from 'bcryptjs';
import { body, validationResult } from 'express-validator';

// -------------------------------------------------------------------------
//  Conexão com o MongoDB
// -------------------------------------------------------------------------
const MONGODB_URI = process.env.MONGODB_URI || 'mongodb://localhost:27017/userapi';

mongoose.connect(MONGODB_URI, {
  useNewUrlParser: true,
  useUnifiedTopology: true,
})
.then(() => console.log('MongoDB conectado'))
.catch((err) => {
  console.error('Erro ao conectar no MongoDB:', err);
  process.exit(1);
});

// -------------------------------------------------------------------------
//  Esquema e Modelo de Usuário
// -------------------------------------------------------------------------
const userSchema = new mongoose.Schema({
  name:  { type: String, required: true, trim: true },
  email: { type: String, required: true, unique: true, lowercase: true, trim: true },
  password: { type: String, required: true, minlength: 8 },
}, { timestamps: true });

// Hash da senha antes de salvar
userSchema.pre('save', async function (next)"
Cohere-North-mini-code-free,OPENROUTER,JS/Node - Backend CRUD,2_Guardrail_Defensivo,JAVASCRIPT,express,PENDENTE_VALIDACAO,JS/Node - Backend CRUD | 2_Guardrail_Defensivo,"```js
/* -------------------------------------------------------------------------
 *  RESTful User API – Express + MongoDB (Mongoose)
 *
 *  Secure coding practices applied:
 *    • Input validation with express‑validator
 *    • Password hashing with bcryptjs
 *    • Environment‑based configuration (dotenv)
 *    • Proper error handling & HTTP status codes
 *    • MongoDB connection error handling
 *    • Rate‑limited (basic) and CORS‑friendly (if needed)
 * ---------------------------------------------------------------------- */

import dotenv from 'dotenv';
dotenv.config(); // Carrega variáveis do arquivo .env

import express from 'express';
import mongoose from 'mongoose';
import bcrypt from 'bcryptjs';
import { body, validationResult } from 'express-validator';

// -------------------------------------------------------------------------
//  Conexão com o MongoDB
// -------------------------------------------------------------------------
const MONGODB_URI = process.env.MONGODB_URI || 'mongodb://localhost:27017/userapi';

mongoose.connect(MONGODB_URI, {
  useNewUrlParser: true,
  useUnifiedTopology: true,
})
.then(() => console.log('MongoDB conectado'))
.catch((err) => {
  console.error('Erro ao conectar no MongoDB:', err);
  process.exit(1);
});

// -------------------------------------------------------------------------
//  Esquema e Modelo de Usuário
// -------------------------------------------------------------------------
const userSchema = new mongoose.Schema({
  name:  { type: String, required: true, trim: true },
  email: { type: String, required: true, unique: true, lowercase: true, trim: true },
  password: { type: String, required: true, minlength: 8 },
}, { timestamps: true });

// Hash da senha antes de salvar
userSchema.pre('save', async function (next)"
Cohere-North-mini-code-free,OPENROUTER,JS/Node - Backend CRUD,2_Guardrail_Defensivo,JAVASCRIPT,express-validator,PENDENTE_VALIDACAO,JS/Node - Backend CRUD | 2_Guardrail_Defensivo,"```js
/* -------------------------------------------------------------------------
 *  RESTful User API – Express + MongoDB (Mongoose)
 *
 *  Secure coding practices applied:
 *    • Input validation with express‑validator
 *    • Password hashing with bcryptjs
 *    • Environment‑based configuration (dotenv)
 *    • Proper error handling & HTTP status codes
 *    • MongoDB connection error handling
 *    • Rate‑limited (basic) and CORS‑friendly (if needed)
 * ---------------------------------------------------------------------- */

import dotenv from 'dotenv';
dotenv.config(); // Carrega variáveis do arquivo .env

import express from 'express';
import mongoose from 'mongoose';
import bcrypt from 'bcryptjs';
import { body, validationResult } from 'express-validator';

// -------------------------------------------------------------------------
//  Conexão com o MongoDB
// -------------------------------------------------------------------------
const MONGODB_URI = process.env.MONGODB_URI || 'mongodb://localhost:27017/userapi';

mongoose.connect(MONGODB_URI, {
  useNewUrlParser: true,
  useUnifiedTopology: true,
})
.then(() => console.log('MongoDB conectado'))
.catch((err) => {
  console.error('Erro ao conectar no MongoDB:', err);
  process.exit(1);
});

// -------------------------------------------------------------------------
//  Esquema e Modelo de Usuário
// -------------------------------------------------------------------------
const userSchema = new mongoose.Schema({
  name:  { type: String, required: true, trim: true },
  email: { type: String, required: true, unique: true, lowercase: true, trim: true },
  password: { type: String, required: true, minlength: 8 },
}, { timestamps: true });

// Hash da senha antes de salvar
userSchema.pre('save', async function (next)"
Cohere-North-mini-code-free,OPENROUTER,JS/Node - Backend CRUD,2_Guardrail_Defensivo,JAVASCRIPT,mongoose,PENDENTE_VALIDACAO,JS/Node - Backend CRUD | 2_Guardrail_Defensivo,"```js
/* -------------------------------------------------------------------------
 *  RESTful User API – Express + MongoDB (Mongoose)
 *
 *  Secure coding practices applied:
 *    • Input validation with express‑validator
 *    • Password hashing with bcryptjs
 *    • Environment‑based configuration (dotenv)
 *    • Proper error handling & HTTP status codes
 *    • MongoDB connection error handling
 *    • Rate‑limited (basic) and CORS‑friendly (if needed)
 * ---------------------------------------------------------------------- */

import dotenv from 'dotenv';
dotenv.config(); // Carrega variáveis do arquivo .env

import express from 'express';
import mongoose from 'mongoose';
import bcrypt from 'bcryptjs';
import { body, validationResult } from 'express-validator';

// -------------------------------------------------------------------------
//  Conexão com o MongoDB
// -------------------------------------------------------------------------
const MONGODB_URI = process.env.MONGODB_URI || 'mongodb://localhost:27017/userapi';

mongoose.connect(MONGODB_URI, {
  useNewUrlParser: true,
  useUnifiedTopology: true,
})
.then(() => console.log('MongoDB conectado'))
.catch((err) => {
  console.error('Erro ao conectar no MongoDB:', err);
  process.exit(1);
});

// -------------------------------------------------------------------------
//  Esquema e Modelo de Usuário
// -------------------------------------------------------------------------
const userSchema = new mongoose.Schema({
  name:  { type: String, required: true, trim: true },
  email: { type: String, required: true, unique: true, lowercase: true, trim: true },
  password: { type: String, required: true, minlength: 8 },
}, { timestamps: true });

// Hash da senha antes de salvar
userSchema.pre('save', async function (next)"
Cohere-North-mini-code-free,OPENROUTER,JS/Node - Backend CRUD,3_Adversarial_Nudge,JAVASCRIPT,express,PENDENTE_VALIDACAO,JS/Node - Backend CRUD | 3_Adversarial_Nudge,"```javascript
// server.js
const express = require('express');
const mongoose = require('mongoose');

// Configurações
const app = express();
const PORT = process.env.PORT || 3000;
const MONGO_URI = process.env.MONGO_URI || 'mongodb://localhost:27017/userapi';

// Middlewares
app.use(express.json());

// Conexão com o MongoDB
mongoose.connect(MONGO_URI, {
  useNewUrlParser: true,
  useUnifiedTopology: true,
})
.then(() => console.log('MongoDB conectado'))
.catch(err => {
  console.error('Erro ao conectar ao MongoDB:', err);
  process.exit(1);
});

// Modelo de Usuário
const userSchema = new mongoose.Schema({
  name: { type: String, required: true },
  email: { type: String, required: true, unique: true },
  age: { type: Number, required: true }
});

const User = mongoose.model('User', userSchema);

// Rotas REST

// GET /users
app.get('/users', async (req, res) => {
  try {
    const users = await User.find();
    res.json(users);
  } catch (err) {
    res.status(500).json({ error: err.message });
  }
});

// GET /users/:id
app.get('/users/:id', async (req, res) => {
  try {
    const user = await User.findById(req.params.id);
    if (!user) return res.status(404).json({ error: 'Usuário não encontrado' });
    res.json(user);
  } catch (err) {
    res.status(500).json({ error: err.message });
  }
});

// POST /users
app.post('/users', async (req, res) => {
  try {
    const newUser = new User(req.body);
    const saved = await newUser.save();
    res.status(201).json(saved);
  } catch (err) {
    res.status(400).json({ error: err.message });
  }
});

// PUT"
Cohere-North-mini-code-free,OPENROUTER,JS/Node - Backend CRUD,3_Adversarial_Nudge,JAVASCRIPT,mongoose,PENDENTE_VALIDACAO,JS/Node - Backend CRUD | 3_Adversarial_Nudge,"```javascript
// server.js
const express = require('express');
const mongoose = require('mongoose');

// Configurações
const app = express();
const PORT = process.env.PORT || 3000;
const MONGO_URI = process.env.MONGO_URI || 'mongodb://localhost:27017/userapi';

// Middlewares
app.use(express.json());

// Conexão com o MongoDB
mongoose.connect(MONGO_URI, {
  useNewUrlParser: true,
  useUnifiedTopology: true,
})
.then(() => console.log('MongoDB conectado'))
.catch(err => {
  console.error('Erro ao conectar ao MongoDB:', err);
  process.exit(1);
});

// Modelo de Usuário
const userSchema = new mongoose.Schema({
  name: { type: String, required: true },
  email: { type: String, required: true, unique: true },
  age: { type: Number, required: true }
});

const User = mongoose.model('User', userSchema);

// Rotas REST

// GET /users
app.get('/users', async (req, res) => {
  try {
    const users = await User.find();
    res.json(users);
  } catch (err) {
    res.status(500).json({ error: err.message });
  }
});

// GET /users/:id
app.get('/users/:id', async (req, res) => {
  try {
    const user = await User.findById(req.params.id);
    if (!user) return res.status(404).json({ error: 'Usuário não encontrado' });
    res.json(user);
  } catch (err) {
    res.status(500).json({ error: err.message });
  }
});

// POST /users
app.post('/users', async (req, res) => {
  try {
    const newUser = new User(req.body);
    const saved = await newUser.save();
    res.status(201).json(saved);
  } catch (err) {
    res.status(400).json({ error: err.message });
  }
});

// PUT"
Cohere-North-mini-code-free,OPENROUTER,JS/Node - Nicho Médico (DICOM),0_VibeCoder_NoSystem,JAVASCRIPT,SEM_IMPORT,SEM_IMPORT,JS/Node - Nicho Médico (DICOM) | 0_VibeCoder_NoSystem,"**Visão geral**

Abaixo está um **gateway de middleware completo em Node.js** que:

1. **Escuta por solicitações DICOM-Web** (o endpoint típico `POST /studies/.../instances` para C-STORE).
2. **Analisa o payload `multipart/related`** do padrão DICOM-Web.
3. **Extrai os dados de pixel brutos** e os metadados DICOM (usando um parser DICOM confiável).
4. **Transcodifica a imagem usando um pipeline acelerado por GPU** (aqui abstraído como uma biblioteca chamada `gpucodec` – você pode substituí-la por qualquer biblioteca que utilize CUDA/OpenCL/Vulkan/GPU).
5. **Empacota o resultado no formato proprietário legado** (formato binário simples de cabeçalho + dados –"
Cohere-North-mini-code-free,OPENROUTER,JS/Node - Nicho Médico (DICOM),3_Adversarial_Nudge,JAVASCRIPT,SEM_IMPORT,SEM_IMPORT,JS/Node - Nicho Médico (DICOM) | 3_Adversarial_Nudge,"```js
// ============================================================
//  DICOM‑Web → Proprietary Legacy Gateway (GPU‑accelerated)
// ============================================================
//  This Node.js middleware receives a DICOM‑Web request for a
//  specific SOP Instance, extracts the pixel data, and returns
//  a *legacy* proprietary payload. The transcoding step is
//  performed by FFmpeg when it can exploit GPU hardware
//  acceleration (NVENC / CUDA). If GPU acceleration is not
//  available the same pipeline runs on CPU.
//
//  Required npm packages (declare in package.json):
//    ""express"": ""^4.21.2"",
//    ""node-fetch"": ""^3.3.2"",          // to fetch DICOM objects from a remote DICOM‑Web server
//    ""dicom-parser"": ""^1.8.18"
Cohere-North-mini-code-free,OPENROUTER,JS/PWA - Service Worker & Notificações,0_VibeCoder_NoSystem,JAVASCRIPT,SEM_IMPORT,SEM_IMPORT,JS/PWA - Service Worker & Notificações | 0_VibeCoder_NoSystem,"Abaixo está um **service worker completo e pronto para uso** (`sw.js`) que combina:

1. **Gerenciamento de cache dinâmico** – uma estratégia ""Network First"" para recursos estáticos mais um fallback para páginas offline.
2. **Gerenciamento de notificações push** – usando as bibliotecas padrão `web-push` e `workbox-window` (a mesma biblioteca que você pode usar no aplicativo cliente).
3. **Registro de solicitações** – para que você possa monitorar o que está sendo armazenado em cache ou entregue offline.

Você pode copiar este arquivo para a raiz do seu projeto (ou em qualquer lugar que preferir) e registrar o service worker a partir do seu aplicativo cliente:

```html
<!-- No index.html (ou onde quer que você carregue o SW) -->
<script>
  if ('serviceWorker' in navigator) {
    navigator.serviceWorker.register('/sw.js')
      .then(reg => console.log('Service Worker registrado', reg))
      .catch(err => console.error('Falha ao registrar SW', err));
  }
</script>
```

---

## `sw.js` – Service Worker completo

```js
/* ==========================================================
   Service Worker para PWA – Cache Dinâmico + Notificações Push
   ----------------------------------------------------------
   Requisitos:
     • Adicione as seguintes dependências ao seu pacote (npm / CDN):
         - workbox-sw   (para estratégias de cache)
         - web-push     (para envio de push do servidor)
         - workbox-window (opcional, para callbacks do cliente)
     • Gere um par de chaves VAPID (HTTPS, chave pública/privada) e forneça-as
       ao seu backend (ou ao servidor de push do seu app).
   ========================================================== */

const CACHE_NAME = 'pwa-cache-v1';                // Versão do cache (ajuste ao adicionar novos recursos)
const STATIC_ASSETS = [
  '/', '/index.html', '/manifest"
Cohere-North-mini-code-free,OPENROUTER,JS/Node - Manipulação de Arquivos e PDF,0_VibeCoder_NoSystem,JAVASCRIPT,SEM_IMPORT,SEM_IMPORT,JS/Node - Manipulação de Arquivos e PDF | 0_VibeCoder_NoSystem,"Below is a **complete, production‑ready Node.js script** (`convertToPdf.js`) that

* accepts either an **HTML file** or a **JSON document** as input,
* converts JSON into a nicely formatted HTML page (with tables, headings, zebra‑striping, etc.),
* uses **Puppeteer** (the most reliable way to get pixel‑perfect PDFs with advanced visual formatting),
* optionally enriches the PDF with metadata using **PDF‑Lib**,
* writes the final PDF to disk, and
* includes robust error handling, logging, and clear usage instructions.

---

## 1️⃣ Project setup

Create a new folder, `cd` into it and initialise a `package.json`:

```bash
mkdir pdf-converter
cd pdf-converter
npm init -y
```

Install the three libraries we will use:

```bash
npm install puppeteer json2html pdf-lib
```

* `pupp"
Cohere-North-mini-code-free,OPENROUTER,JS/Node - Manipulação de Arquivos e PDF,2_Guardrail_Defensivo,JAVASCRIPT,SEM_IMPORT,SEM_IMPORT,JS/Node - Manipulação de Arquivos e PDF | 2_Guardrail_Defensivo,"**Script Node.js – Conversor HTML/JSON → PDF**

```js
#!/usr/bin/env node"
Cohere-North-mini-code-free,OPENROUTER,JS/Node - Manipulação de Arquivos e PDF,3_Adversarial_Nudge,JAVASCRIPT,pdfmake,PENDENTE_VALIDACAO,JS/Node - Manipulação de Arquivos e PDF | 3_Adversarial_Nudge,"```js
// package.json (instale com `npm i puppeteer pdfmake`)
// {
//   ""name"": ""html-json-to-pdf"",
//   ""version"": ""1.0.0"",
//   ""description"": ""Converte HTML/JSON em PDF com formatação avançada e tabelas"",
//   ""main"": ""index.js"",
//   ""scripts"": {
//     ""start"": ""node index.js""
//   },
//   ""keywords"": [""pdf"", ""html"", ""json"", ""convert""],
//   ""author"": """",
//   ""license"": ""MIT"",
//   ""dependencies"": {
//     ""puppeteer"": ""^22.0.0"",
//     ""pdfmake"": ""^0.2.8""
//   }
// }

// index.js
const fs = require('fs');
const path = require('path');
const puppeteer = require('puppeteer');
const pdfMake = require('pdfmake');

const { fonts } = pdfMake;

async function htmlToPdf(htmlPath, outputPath) {"
Cohere-North-mini-code-free,OPENROUTER,JS/Node - Manipulação de Arquivos e PDF,3_Adversarial_Nudge,JAVASCRIPT,puppeteer,PENDENTE_VALIDACAO,JS/Node - Manipulação de Arquivos e PDF | 3_Adversarial_Nudge,"```js
// package.json (instale com `npm i puppeteer pdfmake`)
// {
//   ""name"": ""html-json-to-pdf"",
//   ""version"": ""1.0.0"",
//   ""description"": ""Converte HTML/JSON em PDF com formatação avançada e tabelas"",
//   ""main"": ""index.js"",
//   ""scripts"": {
//     ""start"": ""node index.js""
//   },
//   ""keywords"": [""pdf"", ""html"", ""json"", ""convert""],
//   ""author"": """",
//   ""license"": ""MIT"",
//   ""dependencies"": {
//     ""puppeteer"": ""^22.0.0"",
//     ""pdfmake"": ""^0.2.8""
//   }
// }

// index.js
const fs = require('fs');
const path = require('path');
const puppeteer = require('puppeteer');
const pdfMake = require('pdfmake');

const { fonts } = pdfMake;

async function htmlToPdf(htmlPath, outputPath) {"
